City_ID,City,Country,Date,Lat,Lng,Max Temp,Humidity,Cloudiness,Wind Speed
0,Tuatapere,NZ,2022-01-26 19:03:16,-46.1333,167.6833,51.82,86,92,9.37
1,Yellowknife,CA,2022-01-26 19:00:53,62.456,-114.3525,5.41,89,75,5.75
2,Alofi,NU,2022-01-26 19:03:16,-19.0595,-169.9187,81.68,76,6,15.19
3,Manado,ID,2022-01-26 19:03:17,1.487,124.8455,75.97,94,20,1.14
4,Oranjemund,NA,2022-01-26 19:03:17,-28.55,16.4333,64.62,91,38,15.64
5,Bambanglipuro,ID,2022-01-26 19:03:18,-7.95,110.2833,76.91,90,100,6.78
6,Danville,US,2022-01-26 19:03:03,36.586,-79.395,43.52,38,0,6.91
7,Faanui,PF,2022-01-26 19:03:18,-16.4833,-151.75,80.92,76,100,16.91
8,Biltine,TD,2022-01-26 19:03:18,14.5333,20.9167,72.1,17,0,20.07
9,Punta Arenas,CL,2022-01-26 19:03:19,-53.15,-70.9167,57.22,62,0,21.85
10,Broome,US,2022-01-26 19:03:19,42.2506,-75.833,22.21,54,100,4.0
11,Nishihara,JP,2022-01-26 19:03:20,26.1842,127.7558,65.48,73,0,3.44
12,Asyut,EG,2022-01-26 19:03:20,27.181,31.1837,47.14,53,4,10.98
13,Guerrero Negro,MX,2022-01-26 19:03:21,27.9769,-114.0611,65.95,40,99,2.15
14,Petropavlovsk-Kamchatskiy,RU,2022-01-26 19:03:11,53.0452,158.6483,3.79,56,0,6.71
15,Cidreira,BR,2022-01-26 19:03:22,-30.1811,-50.2056,82.29,73,63,13.58
16,Grand Gaube,MU,2022-01-26 19:03:22,-20.0064,57.6608,75.6,67,1,4.0
17,Hobart,AU,2022-01-26 19:03:22,-42.8794,147.3294,62.06,79,100,3.0
18,Bredasdorp,ZA,2022-01-26 19:03:23,-34.5322,20.0403,66.27,83,100,10.87
19,Ahipara,NZ,2022-01-26 19:03:23,-35.1667,173.1667,66.92,89,94,13.67
20,Cuamba,MZ,2022-01-26 19:02:13,-14.8031,36.5372,70.2,96,100,4.21
21,Dikson,RU,2022-01-26 19:03:24,73.5069,80.5464,13.71,92,100,28.14
22,Bluff,NZ,2022-01-26 19:03:24,-46.6,168.3333,51.8,68,72,16.62
23,Coihaique,CL,2022-01-26 19:03:25,-45.5752,-72.0662,79.41,29,0,10.36
24,Los Llanos De Aridane,ES,2022-01-26 19:03:25,28.6585,-17.9182,60.55,72,20,8.01
25,Saint-Augustin,CA,2022-01-26 19:03:26,51.226,-58.6502,12.83,79,52,12.86
26,Tasiilaq,GL,2022-01-26 19:03:11,65.6145,-37.6368,15.96,67,100,2.08
27,Khatanga,RU,2022-01-26 19:03:26,71.9667,102.5,-5.82,86,99,10.38
28,Talgar,KZ,2022-01-26 19:03:27,43.3027,77.2395,17.76,93,75,2.24
29,Port Elizabeth,ZA,2022-01-26 19:03:27,-33.918,25.5701,70.11,85,100,7.61
30,Mabaruma,GY,2022-01-26 19:03:28,8.2,-59.7833,82.31,55,81,6.26
31,Hobyo,SO,2022-01-26 19:03:28,5.3505,48.5268,77.27,66,74,20.11
32,Albany,US,2022-01-26 18:58:53,42.6001,-73.9662,22.08,44,4,3.0
33,Nanortalik,GL,2022-01-26 19:03:29,60.1432,-45.2371,18.0,88,100,5.77
34,Osinki,RU,2022-01-26 19:03:29,52.8432,49.5132,10.36,96,100,6.89
35,Vao,NC,2022-01-26 19:03:29,-22.6667,167.4833,77.34,80,100,12.33
36,Tabou,CI,2022-01-26 19:03:30,4.423,-7.3528,80.35,77,87,8.46
37,Jamestown,US,2022-01-26 18:59:18,42.097,-79.2353,20.52,59,100,7.0
38,Cherskiy,RU,2022-01-26 19:03:30,68.75,161.3,-44.57,99,46,3.71
39,Sabancuy,MX,2022-01-26 19:03:31,18.9667,-91.1833,79.47,71,24,10.78
40,Praia,CV,2022-01-26 19:03:31,14.9215,-23.5087,73.94,73,0,24.16
41,Kaitangata,NZ,2022-01-26 19:03:32,-46.2817,169.8464,53.92,71,39,9.69
42,Guaruja,BR,2022-01-26 19:03:32,-23.9931,-46.2564,96.4,74,51,8.21
43,Chokurdakh,RU,2022-01-26 19:03:32,70.6333,147.9167,-29.4,98,32,10.71
44,Severo-Kurilsk,RU,2022-01-26 19:03:33,50.6789,156.125,25.59,75,95,19.33
45,Winnemucca,US,2022-01-26 19:00:52,40.973,-117.7357,33.12,45,0,2.33
46,Ancud,CL,2022-01-26 19:03:33,-41.8697,-73.8203,81.23,55,0,6.2
47,Atuona,PF,2022-01-26 19:03:34,-9.8,-139.0333,78.71,77,12,19.08
48,Mana,GF,2022-01-26 19:04:34,5.6592,-53.7767,80.11,74,91,8.95
49,Carnarvon,AU,2022-01-26 19:04:34,-24.8667,113.6333,75.27,78,40,19.57
50,Sinnamary,GF,2022-01-26 19:01:13,5.3833,-52.95,80.17,73,80,8.16
51,Arraial Do Cabo,BR,2022-01-26 18:59:57,-22.9661,-42.0278,87.76,65,0,23.02
52,Vaini,TO,2022-01-26 19:04:35,-21.2,-175.2,78.96,89,20,2.3
53,Adrar,MR,2022-01-26 19:04:36,20.5022,-10.0711,71.49,15,5,6.13
54,Te Anau,NZ,2022-01-26 19:04:36,-45.4167,167.7167,48.15,81,92,1.16
55,Manggar,ID,2022-01-26 19:04:37,-2.8833,108.2667,79.41,84,100,9.62
56,Cabral,DO,2022-01-26 19:04:37,18.25,-71.2167,86.74,43,0,12.8
57,Cape Town,ZA,2022-01-26 19:04:38,-33.9258,18.4232,69.35,78,1,5.01
58,Lasa,IT,2022-01-26 19:04:38,46.6166,10.7002,34.36,67,2,6.08
59,Ushuaia,AR,2022-01-26 19:02:36,-54.8,-68.3,49.05,83,100,6.76
60,Isangel,VU,2022-01-26 19:04:38,-19.55,169.2667,78.75,89,32,6.6
61,Quatre Cocos,MU,2022-01-26 19:04:39,-20.2078,57.7625,75.31,65,10,10.89
62,Rikitea,PF,2022-01-26 19:04:39,-23.1203,-134.9692,78.24,78,3,19.13
63,San Cristobal,VE,2022-01-26 19:04:40,7.7669,-72.225,78.98,47,100,0.56
64,Busselton,AU,2022-01-26 19:04:40,-33.65,115.3333,57.94,88,16,11.25
65,Puerto Ayora,EC,2022-01-26 19:04:40,-0.7393,-90.3518,82.36,75,69,9.8
66,Bilokurakyne,UA,2022-01-26 19:04:41,49.5341,38.7307,13.3,98,100,1.43
67,Geraldton,AU,2022-01-26 19:04:41,-28.7667,114.6,70.21,73,0,13.8
68,Airai,TL,2022-01-26 19:04:42,-8.9266,125.4092,61.54,86,100,3.13
69,Belaya Gora,RU,2022-01-26 19:04:42,68.5333,146.4167,-38.9,100,51,5.68
70,Ketchikan,US,2022-01-26 19:04:43,55.3422,-131.6461,37.38,100,100,0.0
71,Qaanaaq,GL,2022-01-26 19:04:43,77.484,-69.3632,-8.72,62,98,7.38
72,Viedma,AR,2022-01-26 19:04:44,-40.8135,-62.9967,71.55,35,0,15.61
73,Port Lincoln,AU,2022-01-26 19:04:44,-34.7333,135.8667,67.66,94,15,8.34
74,Kruisfontein,ZA,2022-01-26 19:04:45,-34.0033,24.7314,67.89,91,100,7.83
75,Urusha,RU,2022-01-26 19:04:45,54.05,122.9,-14.62,96,51,3.6
76,Hilo,US,2022-01-26 19:04:45,19.7297,-155.09,77.25,74,20,6.91
77,Salta,AR,2022-01-26 19:04:46,-24.7859,-65.4117,88.09,94,75,9.22
78,Fort Nelson,CA,2022-01-26 19:00:31,58.8053,-122.7002,25.32,89,100,2.53
79,Aykhal,RU,2022-01-26 19:04:46,66.0,111.5,-8.48,84,85,5.88
80,Guarapari,BR,2022-01-26 19:04:47,-20.6667,-40.4975,80.49,65,88,12.5
81,Kouango,CF,2022-01-26 19:04:47,4.9934,19.9619,84.31,19,100,3.22
82,New Norfolk,AU,2022-01-26 19:04:47,-42.7826,147.0587,61.72,73,100,1.7
83,Talaja,IN,2022-01-26 19:04:48,21.35,72.05,63.99,51,0,12.28
84,Antofagasta,CL,2022-01-26 19:02:42,-23.65,-70.4,70.21,59,1,9.57
85,Nokha,IN,2022-01-26 19:04:49,27.6,73.4167,56.66,31,0,4.43
86,Ixtapa,MX,2022-01-26 19:00:12,20.7,-105.2,85.82,37,97,6.29
87,Shingu,JP,2022-01-26 19:04:49,33.7333,135.9833,40.17,78,100,6.98
88,Abha,SA,2022-01-26 19:04:50,18.2164,42.5053,53.85,88,0,9.22
89,Sabang,ID,2022-01-26 19:04:50,5.8933,95.3214,81.66,75,21,10.13
90,Ribeira Grande,PT,2022-01-26 19:04:50,38.5167,-28.7,61.2,67,40,11.5
91,Bethanien,NA,2022-01-26 19:04:51,-26.502,17.1583,90.68,21,48,12.88
92,Luwuk,ID,2022-01-26 19:04:51,-0.9516,122.7875,77.74,87,100,2.28
93,Nikolskoye,RU,2022-01-26 19:05:51,59.7035,30.7861,25.72,90,100,8.5
94,Nuuk,GL,2022-01-26 19:05:52,64.1835,-51.7216,16.41,92,75,21.85
95,Natal,BR,2022-01-26 19:02:43,-5.795,-35.2094,84.27,63,7,13.02
96,Aquin,HT,2022-01-26 19:05:52,18.2833,-73.4,79.84,68,48,4.41
97,Kapaa,US,2022-01-26 19:05:53,22.0752,-159.319,73.72,75,40,1.99
98,Marawi,PH,2022-01-26 19:05:53,7.9986,124.2928,66.65,93,47,1.97
99,Flinders,AU,2022-01-26 19:05:54,-34.5833,150.8552,68.81,79,92,5.01
100,Kiruna,SE,2022-01-26 19:05:54,67.8557,20.2251,11.32,92,75,0.0
101,Ugoofaaru,MV,2022-01-26 19:05:55,5.6667,73.0,79.79,61,100,11.25
102,Mahebourg,MU,2022-01-26 19:05:55,-20.4081,57.7,75.49,69,20,3.44
103,Mlalo,TZ,2022-01-26 19:05:56,-4.9333,38.9333,73.76,90,19,4.34
104,Camopi,GF,2022-01-26 19:05:57,3.1655,-52.3158,78.51,91,82,3.18
105,Pedregulho,BR,2022-01-26 19:05:57,-20.2569,-47.4767,73.71,79,63,3.67
106,Saskylakh,RU,2022-01-26 19:05:58,71.9167,114.0833,-2.97,87,84,6.38
107,Constitucion,CL,2022-01-26 19:05:58,-35.3333,-72.4167,67.93,69,18,10.47
108,East London,ZA,2022-01-26 19:05:59,-33.0153,27.9116,74.34,94,75,8.05
109,Bambous Virieux,MU,2022-01-26 19:05:59,-20.3428,57.7575,75.45,69,20,3.44
110,Pedra Azul,BR,2022-01-26 19:05:59,-16.0053,-41.2972,76.86,70,96,5.93
111,Itarema,BR,2022-01-26 19:06:00,-2.9248,-39.9167,82.74,68,100,16.73
112,Tigzirt,DZ,2022-01-26 19:06:00,36.8886,4.1198,53.37,64,2,8.21
113,Touros,BR,2022-01-26 19:06:01,-5.1989,-35.4608,86.9,65,10,14.83
114,Apatity,RU,2022-01-26 19:06:01,67.5641,33.4031,7.05,91,95,2.73
115,Kampong Thum,KH,2022-01-26 19:06:02,12.7111,104.8887,74.71,68,7,2.75
116,Umm Kaddadah,SD,2022-01-26 19:06:02,13.6017,26.6876,64.29,20,33,18.75
117,Souillac,MU,2022-01-26 19:06:03,-20.5167,57.5167,75.58,69,20,3.44
118,Georgetown,MY,2022-01-26 19:06:03,5.4112,100.3354,82.33,83,20,0.0
119,Butaritari,KI,2022-01-26 19:06:04,3.0707,172.7902,80.64,81,74,13.42
120,Coos Bay,US,2022-01-26 19:06:04,43.3665,-124.2179,50.94,57,0,4.61
121,Bathsheba,BB,2022-01-26 19:06:04,13.2167,-59.5167,78.39,74,21,14.79
122,San Patricio,US,2022-01-26 19:06:05,28.017,-97.5169,62.69,62,100,10.4
123,Bethel,US,2022-01-26 19:06:05,41.3712,-73.414,27.48,40,0,10.36
124,Avarua,CK,2022-01-26 19:05:49,-21.2078,-159.775,80.65,83,20,11.5
125,Pevek,RU,2022-01-26 19:06:06,69.7008,170.3133,-35.25,99,42,3.51
126,Upernavik,GL,2022-01-26 19:06:06,72.7868,-56.1549,-5.28,67,42,9.06
127,Rovaniemi,FI,2022-01-26 19:01:38,66.5,25.7167,18.81,93,100,8.05
128,Rawson,AR,2022-01-26 19:06:07,-43.3002,-65.1023,65.16,54,2,11.95
129,Moron,AR,2022-01-26 19:06:07,-34.6534,-58.6198,80.01,87,100,15.35
130,Vodnyy,RU,2022-01-26 19:06:07,63.5046,53.4095,14.63,95,100,5.06
131,Coquimbo,CL,2022-01-26 19:06:08,-29.9533,-71.3436,67.73,68,0,17.27
132,Zhob,PK,2022-01-26 19:06:08,31.3411,69.4481,39.49,41,0,4.92
133,Boat Of Garten,GB,2022-01-26 19:06:09,57.2491,-3.759,52.77,89,100,23.76
134,Honiara,SB,2022-01-26 19:06:09,-9.4333,159.95,75.43,94,100,3.78
135,Alice Springs,AU,2022-01-26 19:06:09,-23.7,133.8833,76.55,78,89,4.61
136,Victoria,HK,2022-01-26 19:04:47,22.2855,114.1577,67.24,92,100,5.01
137,Arys,KZ,2022-01-26 19:06:10,42.4252,68.795,32.22,63,0,6.33
138,Aksarka,RU,2022-01-26 19:06:11,66.5606,67.7975,4.87,94,99,8.9
139,Maksatikha,RU,2022-01-26 19:06:11,57.797,35.8825,-2.4,100,100,3.18
140,Vila Velha,BR,2022-01-26 19:03:29,-20.3297,-40.2925,86.45,74,0,5.99
141,Maragogi,BR,2022-01-26 19:04:25,-9.0122,-35.2225,82.65,68,16,9.42
142,Narsaq,GL,2022-01-26 19:07:12,60.9167,-46.05,16.02,87,25,5.5
143,Rocha,UY,2022-01-26 19:07:12,-34.4833,-54.3333,73.15,93,100,1.63
144,Horsham,GB,2022-01-26 19:07:13,51.064,-0.3272,45.01,79,75,4.61
145,Vila Franca Do Campo,PT,2022-01-26 19:07:13,37.7167,-25.4333,60.19,79,97,11.01
146,Longyearbyen,SJ,2022-01-26 19:07:14,78.2186,15.6401,10.24,61,40,11.5
147,Kanashevo,RU,2022-01-26 19:07:14,55.2169,62.0634,16.11,84,100,11.92
148,Thompson,CA,2022-01-26 19:07:14,55.7435,-97.8558,7.27,86,100,14.0
149,Ginda,IN,2022-01-26 19:07:15,30.6945,78.4932,35.35,57,97,4.97
150,Maniwaki,CA,2022-01-26 19:07:15,46.3834,-75.966,1.49,75,90,2.51
151,Aranos,NA,2022-01-26 19:07:16,-24.1333,19.1167,86.72,19,55,8.84
152,Mutis,CO,2022-01-26 19:03:14,6.2262,-77.4044,80.78,82,100,4.74
153,Mae Sai,TH,2022-01-26 19:07:16,20.4335,99.8762,61.9,80,3,2.08
154,Warangal,IN,2022-01-26 19:07:17,18.0,79.5833,62.56,47,0,8.9
155,Kodiak,US,2022-01-26 19:07:04,57.79,-152.4072,33.31,80,100,11.5
156,Fomboni,KM,2022-01-26 19:07:17,-12.28,43.7425,81.82,72,100,14.36
157,Mongo,TD,2022-01-26 19:07:18,12.1844,18.693,76.59,19,5,7.67
158,Tame,CO,2022-01-26 19:07:18,6.461,-71.73,92.52,35,100,8.88
159,Dungarpur,IN,2022-01-26 19:07:18,23.8333,73.7167,54.39,42,0,6.62
160,Rusape,ZW,2022-01-26 19:07:19,-18.5278,32.1284,63.16,95,100,5.21
161,Jiaohe,CN,2022-01-26 19:07:19,43.7286,127.3447,-5.03,100,84,2.01
162,Gopalpur,IN,2022-01-26 19:07:20,19.2667,84.9167,70.3,79,0,4.45
163,Krasnyy Chikoy,RU,2022-01-26 19:07:20,50.3643,108.7512,-15.25,100,78,1.7
164,Naze,JP,2022-01-26 19:07:21,28.3667,129.4833,60.21,70,57,5.21
165,Sao Geraldo Do Araguaia,BR,2022-01-26 19:07:21,-6.4006,-48.555,83.23,77,100,1.39
166,Fare,PF,2022-01-26 19:07:22,-16.7,-151.0167,81.1,76,86,18.28
167,Oktyabrskiy,RU,2022-01-26 19:07:22,54.4815,53.471,16.63,95,100,8.41
168,Gravdal,NO,2022-01-26 19:03:10,68.1214,13.5031,35.49,93,75,2.3
169,Concepcion Del Oro,MX,2022-01-26 19:07:23,24.6333,-101.4167,61.0,30,31,8.95
170,Tripoli,LY,2022-01-26 19:05:30,32.8752,13.1875,55.11,59,86,8.77
171,Zhuzhou,CN,2022-01-26 19:07:23,27.8333,113.15,40.21,96,100,7.52
172,Saint-Philippe,RE,2022-01-26 19:07:24,-21.3585,55.7679,72.99,71,80,8.68
173,Pangkalanbuun,ID,2022-01-26 19:07:24,-2.6833,111.6167,76.26,92,100,3.47
174,Imuris,MX,2022-01-26 19:07:24,30.7833,-110.8667,60.53,24,100,0.43
175,Le Port,RE,2022-01-26 19:07:25,-20.9373,55.2919,73.4,67,62,0.94
176,Hithadhoo,MV,2022-01-26 19:07:25,-0.6,73.0833,81.5,73,100,19.62
177,Naryan-Mar,RU,2022-01-26 19:07:26,67.6713,53.087,6.26,94,70,14.29
178,Mehamn,NO,2022-01-26 19:03:09,71.0357,27.8492,28.58,88,98,17.34
179,Northam,GB,2022-01-26 19:07:26,51.0333,-4.2167,48.02,82,92,10.49
180,Codrington,AU,2022-01-26 19:06:13,-38.2667,141.9667,67.17,91,16,5.08
181,Chimbote,PE,2022-01-26 19:07:27,-9.0853,-78.5783,76.68,67,39,11.48
182,Kemin,KG,2022-01-26 19:07:27,42.7846,75.6892,19.58,60,0,7.25
183,Port Alfred,ZA,2022-01-26 19:07:28,-33.5906,26.891,73.0,87,97,10.87
184,Aklavik,CA,2022-01-26 19:07:28,68.2191,-135.0107,-2.76,99,100,5.21
185,Bayan,CN,2022-01-26 19:07:28,46.0833,127.4,-3.55,99,100,4.25
186,Mount Isa,AU,2022-01-26 19:07:29,-20.7333,139.5,74.97,100,40,5.75
187,Qurayyat,SA,2022-01-26 19:08:30,31.3318,37.3428,44.47,72,61,21.3
188,Hualmay,PE,2022-01-26 19:08:30,-11.0964,-77.6139,75.67,72,61,11.45
189,Mataura,NZ,2022-01-26 19:08:30,-46.1927,168.8643,51.48,98,38,3.09
190,El Campo,US,2022-01-26 19:08:31,29.1966,-96.2697,54.82,62,100,5.75
191,Kieta,PG,2022-01-26 19:08:31,-6.2167,155.6333,79.32,83,100,1.77
192,Saint Anthony,US,2022-01-26 19:08:32,45.0205,-93.218,15.84,67,20,5.99
193,Mackenzie,CA,2022-01-26 19:08:32,55.2999,-123.1698,23.7,94,100,2.93
194,Sitka,US,2022-01-26 19:08:32,57.0531,-135.33,33.69,86,75,5.75
195,Leningradskiy,RU,2022-01-26 19:08:33,69.3833,178.4167,-27.58,88,32,3.2
196,Kavieng,PG,2022-01-26 19:08:33,-2.5744,150.7967,82.42,77,85,7.78
197,Horizonte,BR,2022-01-26 19:08:33,-4.1,-38.4833,86.54,66,91,10.13
198,Acajutla,SV,2022-01-26 19:08:34,13.5928,-89.8275,97.14,63,37,8.68
199,La Cumbre,AR,2022-01-26 19:08:34,-30.982,-64.4914,76.1,67,99,11.01
200,Beringovskiy,RU,2022-01-26 19:08:35,63.05,179.3167,-7.2,100,100,2.62
201,Hasaki,JP,2022-01-26 19:08:35,35.7333,140.8333,27.0,74,15,5.12
202,Saldanha,ZA,2022-01-26 19:08:35,-33.0117,17.9442,64.89,92,12,21.7
203,Verkhnyaya Inta,RU,2022-01-26 19:08:36,65.9811,60.3094,11.16,87,100,12.3
204,Lagoa,PT,2022-01-26 19:08:36,39.05,-27.9833,58.55,78,6,12.03
205,Vardo,NO,2022-01-26 19:05:57,70.3705,31.1107,19.6,79,17,27.63
206,Ambon,ID,2022-01-26 19:08:37,-3.6954,128.1814,77.14,94,40,8.05
207,Kaa-Khem,RU,2022-01-26 19:08:37,51.6833,94.7333,-12.96,93,100,2.73
208,Higueron,MX,2022-01-26 19:08:38,18.5833,-99.1667,83.37,28,0,0.98
209,Svetlogorsk,BY,2022-01-26 19:08:38,52.6333,29.7333,12.9,96,98,3.53
210,Flagstaff,US,2022-01-26 19:08:38,35.1981,-111.6513,42.6,37,0,8.05
211,Padang,ID,2022-01-26 19:08:39,-0.9492,100.3543,78.46,81,100,3.94
212,Barrow,US,2022-01-26 19:08:17,71.2906,-156.7887,-11.18,70,0,17.27
213,Tiksi,RU,2022-01-26 19:08:39,71.6872,128.8694,-2.67,91,9,17.81
214,Harindanga,IN,2022-01-26 19:08:40,22.0383,88.3214,66.18,82,45,7.87
215,Sukhovolya,UA,2022-01-26 19:08:41,49.8243,23.8377,33.89,100,75,7.0
216,Pangai,TO,2022-01-26 19:07:19,-19.8,-174.35,81.5,78,14,11.18
217,Isiro,CD,2022-01-26 19:08:41,2.7739,27.616,74.52,36,100,2.75
218,Sangar,RU,2022-01-26 19:08:41,63.9242,127.4739,-22.13,96,100,3.85
219,Moss Vale,AU,2022-01-26 19:08:42,-34.55,150.3833,59.32,77,93,6.46
220,Noshiro,JP,2022-01-26 19:08:42,40.2039,140.0242,34.75,73,98,17.31
221,Brae,GB,2022-01-26 19:08:43,60.3964,-1.353,48.11,84,100,31.59
222,Tuktoyaktuk,CA,2022-01-26 19:08:43,69.4541,-133.0374,-6.16,88,30,16.04
223,Methoni,GR,2022-01-26 19:08:44,36.8197,21.7049,42.22,47,1,7.07
224,Omboue,GA,2022-01-26 19:08:44,-1.5746,9.2618,76.77,89,100,5.1
225,Baykit,RU,2022-01-26 19:08:44,61.67,96.37,-20.06,100,56,1.03
226,Anuradhapura,LK,2022-01-26 19:08:45,8.3565,80.4173,68.61,85,91,4.18
227,Panguipulli,CL,2022-01-26 19:08:45,-39.6333,-72.3333,80.31,26,3,5.12
228,Tubuala,PA,2022-01-26 19:08:46,9.5167,-79.0333,92.55,73,100,10.36
229,Ryotsu,JP,2022-01-26 19:08:46,38.0833,138.4333,39.92,57,96,17.16
230,Lincoln,US,2022-01-26 19:06:00,40.8,-96.667,35.91,51,0,10.0
231,Merrill,US,2022-01-26 19:08:14,45.1805,-89.6835,7.57,56,0,13.8
232,Mill Valley,US,2022-01-26 19:07:20,37.906,-122.545,58.05,79,0,1.01
233,Shakhunya,RU,2022-01-26 19:08:47,57.6758,46.6114,3.88,98,100,4.12
234,The Valley,AI,2022-01-26 19:09:47,18.217,-63.0578,80.82,69,20,9.22
235,Makakilo City,US,2022-01-26 19:09:48,21.3469,-158.0858,75.52,71,0,5.75
236,Hermanus,ZA,2022-01-26 19:09:15,-34.4187,19.2345,66.79,82,100,12.71
237,Mar Del Plata,AR,2022-01-26 19:05:34,-38.0023,-57.5575,66.22,73,20,25.99
238,Santa Clara,CU,2022-01-26 19:09:49,22.4,-79.9667,87.46,37,20,6.91
239,Mount Gambier,AU,2022-01-26 19:09:49,-37.8333,140.7667,69.33,82,1,5.5
240,Cibitoke,BI,2022-01-26 19:09:50,-2.8833,29.25,64.54,87,100,3.18
241,Shirgaon,IN,2022-01-26 19:09:50,19.7,72.7,67.87,43,0,13.65
242,Talnakh,RU,2022-01-26 19:09:50,69.4865,88.3972,-3.41,97,100,16.78
243,College,US,2022-01-26 19:09:51,64.8569,-147.8028,1.06,77,75,0.0
244,Dunedin,NZ,2022-01-26 19:08:58,-45.8742,170.5036,52.81,71,64,15.01
245,Monywa,MM,2022-01-26 19:09:51,22.1167,95.1333,59.38,89,18,2.26
246,Castro,BR,2022-01-26 19:09:52,-24.7911,-50.0119,87.82,45,32,4.43
247,Batticaloa,LK,2022-01-26 19:09:52,7.7102,81.6924,75.45,68,21,1.95
248,Kandrian,PG,2022-01-26 19:09:53,-6.2167,149.55,77.88,89,98,7.99
249,Thinadhoo,MV,2022-01-26 19:09:53,0.5333,72.9333,81.48,71,100,20.76
250,Seoul,KR,2022-01-26 19:06:45,37.5683,126.9778,27.91,43,100,3.51
251,Caxito,AO,2022-01-26 19:09:54,-8.5785,13.6643,77.65,82,89,2.82
252,Tilichiki,RU,2022-01-26 19:06:40,60.4667,166.1,7.11,95,100,9.17
253,West Bay,KY,2022-01-26 19:09:54,19.3667,-81.4167,84.99,74,14,1.01
254,Gasa,PS,2022-01-26 19:09:55,31.5,34.4667,48.18,85,100,27.16
255,Mudgee,AU,2022-01-26 19:09:55,-32.5943,149.5871,63.79,93,17,5.91
256,Plover,US,2022-01-26 19:09:56,44.4564,-89.544,9.45,53,0,11.01
257,Staraya Poltavka,RU,2022-01-26 19:09:56,50.4772,46.4814,9.05,99,84,4.14
258,Demyansk,RU,2022-01-26 19:09:56,57.643,32.466,15.17,96,100,5.57
259,Qasigiannguit,GL,2022-01-26 19:09:57,68.8193,-51.1922,17.85,95,100,9.71
260,Sivas,TR,2022-01-26 19:09:58,39.7916,37.0019,23.63,86,100,4.61
261,Namatanai,PG,2022-01-26 19:09:58,-3.6667,152.4333,79.86,82,76,3.67
262,Clyde River,CA,2022-01-26 19:09:59,70.4692,-68.5914,-14.6,96,100,18.07
263,Sibolga,ID,2022-01-26 19:09:59,1.7427,98.7792,76.66,78,100,3.0
264,Chuy,UY,2022-01-26 19:09:59,-33.6971,-53.4616,70.23,96,100,7.4
265,Harper,LR,2022-01-26 19:10:00,4.375,-7.7169,79.97,79,57,8.48
266,Sao Sebastiao,BR,2022-01-26 19:10:00,-23.76,-45.4097,84.22,68,45,3.6
267,Zabol,AF,2022-01-26 19:10:01,32.25,67.25,30.29,54,0,1.57
268,Mayo,US,2022-01-26 19:10:01,38.8876,-76.5119,35.08,40,0,8.99
269,Karratha,AU,2022-01-26 19:10:02,-20.7377,116.8463,80.91,66,1,9.78
270,Banepa,NP,2022-01-26 19:10:02,27.6298,85.5214,41.32,87,75,4.61
271,Grand-Lahou,CI,2022-01-26 19:10:03,5.1367,-5.0242,80.02,76,2,8.46
272,Nouadhibou,MR,2022-01-26 19:10:03,20.931,-17.0347,65.26,70,0,24.94
273,Husavik,IS,2022-01-26 19:10:04,66.0449,-17.3389,23.68,75,100,10.92
274,Hot Springs,US,2022-01-26 19:06:17,34.5037,-93.0552,40.32,38,0,1.99
275,Paros,GR,2022-01-26 19:10:04,37.0833,25.15,47.3,58,100,23.0
276,Evanston,US,2022-01-26 19:10:05,42.0411,-87.6901,11.21,51,0,3.0
277,Road Town,VG,2022-01-26 19:10:08,18.4167,-64.6167,82.49,61,20,8.05
278,Sembakung,ID,2022-01-26 19:11:05,3.8167,117.25,73.04,100,100,1.34
279,Conceicao Do Araguaia,BR,2022-01-26 19:11:06,-8.2578,-49.2647,84.18,66,100,2.26
280,Esperance,AU,2022-01-26 19:11:06,-33.8667,121.9,62.44,86,66,8.72
281,Jibuti,DJ,2022-01-26 19:07:21,11.5,42.5,72.82,65,0,15.97
282,Komsomolskiy,UZ,2022-01-26 19:11:07,40.4272,71.7189,35.02,74,0,6.91
283,Beipiao,CN,2022-01-26 19:11:07,41.7919,120.7792,12.33,52,0,3.58
284,Porto Velho,BR,2022-01-26 19:11:08,-8.7619,-63.9039,77.05,88,40,5.75
285,Alta Floresta,BR,2022-01-26 19:11:08,-9.8756,-56.0861,79.66,86,100,3.91
286,Provideniya,RU,2022-01-26 19:11:09,64.3833,-173.3,-10.77,88,63,2.28
287,Zvishavane,ZW,2022-01-26 19:11:09,-20.3267,30.0665,67.33,98,100,7.87
288,Balabac,PH,2022-01-26 19:11:10,7.9868,117.0645,79.3,82,100,3.13
289,Srednekolymsk,RU,2022-01-26 19:11:10,67.45,153.6833,-43.98,100,51,3.62
290,Silistea Crucii,RO,2022-01-26 19:11:10,44.0333,23.4833,33.73,79,91,13.0
291,Lagoa Vermelha,BR,2022-01-26 19:11:11,-28.2086,-51.5258,91.44,34,95,6.87
292,Haines Junction,CA,2022-01-26 19:11:11,60.7522,-137.5108,14.05,97,100,1.48
293,Yarovoye,RU,2022-01-26 19:11:12,52.9273,78.58,-11.61,100,82,5.86
294,Lata,PT,2022-01-26 19:11:12,40.1629,-8.3327,53.82,74,34,3.71
295,Trairi,BR,2022-01-26 19:11:12,-3.2778,-39.2689,83.48,69,100,13.8
296,Dauphin,CA,2022-01-26 19:11:13,51.1494,-100.0502,28.54,74,100,17.27
297,Kahului,US,2022-01-26 19:11:13,20.8947,-156.47,75.85,68,20,5.75
298,Bud,US,2022-01-26 19:11:14,39.447,-86.1758,21.22,52,0,2.53
299,Zaozhuang,CN,2022-01-26 19:11:14,34.8647,117.5542,32.67,51,89,5.32
300,Bulungu,CD,2022-01-26 19:11:14,-4.55,18.6,70.7,93,100,2.42
301,Ljungby,SE,2022-01-26 19:11:15,56.8332,13.9408,40.37,77,100,15.79
302,Korla,CN,2022-01-26 19:11:15,41.7597,86.1469,23.4,63,0,1.95
303,Ilulissat,GL,2022-01-26 19:11:16,69.2167,-51.1,17.62,73,75,16.11
304,Araouane,ML,2022-01-26 19:11:16,18.9048,-3.5265,72.37,11,96,8.05
305,Carahue,CL,2022-01-26 19:11:17,-38.7,-73.1667,84.4,31,0,8.41
306,Bonavista,CA,2022-01-26 19:11:17,48.6499,-53.1147,38.12,98,100,7.27
307,Homer,US,2022-01-26 19:10:16,59.6425,-151.5483,27.03,82,100,8.43
308,Lerwick,GB,2022-01-26 19:11:18,60.1545,-1.1494,48.2,84,100,34.16
309,Leshukonskoye,RU,2022-01-26 19:11:18,64.8989,45.7622,-4.0,100,66,3.98
310,Aasiaat,GL,2022-01-26 19:11:19,68.7098,-52.8699,10.65,76,100,9.6
311,General Roca,AR,2022-01-26 19:11:19,-39.0333,-67.5833,82.8,25,0,15.55
312,Iqaluit,CA,2022-01-26 19:11:20,63.7506,-68.5145,-29.99,97,44,3.0
313,Shimoda,JP,2022-01-26 19:11:20,34.6667,138.95,43.11,78,100,2.55
314,Cabo San Lucas,MX,2022-01-26 19:11:14,22.8909,-109.9124,78.1,48,0,1.99
315,Kendari,ID,2022-01-26 19:11:21,-3.945,122.4989,75.24,93,60,3.42
316,Mwene-Ditu,CD,2022-01-26 19:11:21,-7.0,23.45,66.09,95,100,8.14
317,Atalaia,BR,2022-01-26 19:11:22,-9.5019,-36.0228,86.5,50,74,13.27
318,Cap Malheureux,MU,2022-01-26 19:11:22,-19.9842,57.6142,75.69,67,1,3.0
319,San Quintin,MX,2022-01-26 19:11:23,30.4833,-115.95,62.98,55,100,6.8
320,Chumikan,RU,2022-01-26 19:11:23,54.7183,135.315,-9.26,93,88,13.0
321,Prince Rupert,CA,2022-01-26 19:11:23,54.3161,-130.3201,38.01,77,100,3.44
322,Norman Wells,CA,2022-01-26 19:11:24,65.282,-126.8329,12.79,83,90,8.52
323,Fort Dodge,US,2022-01-26 19:12:25,42.4975,-94.168,21.74,63,0,23.02
324,Bela Cruz,BR,2022-01-26 19:12:25,-3.0506,-40.1678,83.97,63,98,14.45
325,Dingle,PH,2022-01-26 19:12:25,10.9995,122.6711,75.4,94,33,6.76
326,Abu Dhabi,AE,2022-01-26 19:12:26,24.4667,54.3667,68.02,89,9,1.01
327,Fortuna,US,2022-01-26 19:08:52,40.5982,-124.1573,45.52,87,0,0.0
328,Resistencia,AR,2022-01-26 19:12:27,-27.4606,-58.9839,91.45,64,99,3.47
329,Port Blair,IN,2022-01-26 19:12:27,11.6667,92.75,78.84,78,20,2.3
330,Urumqi,CN,2022-01-26 19:12:02,43.801,87.6005,0.55,85,75,2.24
331,Zaysan,KZ,2022-01-26 19:12:28,47.4667,84.8667,-0.15,95,100,2.62
332,Mtwara,TZ,2022-01-26 19:12:28,-10.2667,40.1833,79.18,79,100,9.57
333,Tumen,CN,2022-01-26 19:12:28,42.9661,129.8425,6.46,91,12,4.88
334,Changli,CN,2022-01-26 19:12:29,39.7042,119.1506,16.9,77,87,4.92
335,Sucua,EC,2022-01-26 19:12:29,-2.4667,-78.1667,81.34,69,40,8.05
336,Gamba,GA,2022-01-26 19:12:30,-2.65,10.0,76.15,89,100,4.9
337,Ahuimanu,US,2022-01-26 19:12:30,21.4447,-157.8378,76.71,73,75,5.01
338,Namibe,AO,2022-01-26 19:12:30,-15.1961,12.1522,76.28,83,100,5.35
339,Yaan,NG,2022-01-26 19:12:31,7.3833,8.5667,83.53,13,5,5.88
340,Ipswich,GB,2022-01-26 19:09:09,52.0592,1.1555,44.49,81,75,12.66
341,San Miguel,SV,2022-01-26 19:09:21,13.4833,-88.1833,91.0,47,20,6.91
342,Bengkulu,ID,2022-01-26 19:12:32,-3.8004,102.2655,77.9,85,100,2.89
343,Nome,US,2022-01-26 19:12:32,64.5011,-165.4064,-18.33,69,0,0.0
344,Lekoni,GA,2022-01-26 19:12:32,-1.5843,14.2591,80.6,54,51,3.31
345,Muroto,JP,2022-01-26 19:12:33,33.2833,134.15,50.13,62,72,2.53
346,Rio Gallegos,AR,2022-01-26 19:12:33,-51.6226,-69.2181,64.45,36,0,23.02
347,Cockburn Town,TC,2022-01-26 19:12:34,21.4612,-71.1419,77.95,70,0,8.5
348,Phetchabun,TH,2022-01-26 19:12:34,16.25,101.0833,74.16,42,20,4.99
349,Lebu,CL,2022-01-26 19:12:34,-37.6167,-73.65,66.92,65,0,11.52
350,Seka,TH,2022-01-26 19:12:35,17.9285,103.9552,69.8,48,5,4.27
351,Ponta Do Sol,PT,2022-01-26 19:12:35,32.6667,-17.1,61.43,54,81,8.41
352,Choma,ZM,2022-01-26 19:12:36,-16.8065,26.9531,63.63,99,100,3.11
353,Aranda De Duero,ES,2022-01-26 19:12:36,41.6704,-3.6892,39.94,56,0,8.63
354,Yamada,JP,2022-01-26 19:12:36,39.4667,141.95,32.68,86,21,4.41
355,Sorong,ID,2022-01-26 19:12:37,-0.8833,131.25,80.91,80,100,12.19
356,Qrendi,MT,2022-01-26 19:12:37,35.8347,14.4583,49.1,76,0,5.75
357,Wellington,NZ,2022-01-26 19:12:38,-41.2866,174.7756,60.76,85,75,4.0
358,Joacaba,BR,2022-01-26 19:12:38,-27.1781,-51.5047,90.59,41,81,4.72
359,Dzhebariki-Khaya,RU,2022-01-26 19:12:38,62.2167,135.8,-42.83,100,79,0.89
360,Waddan,LY,2022-01-26 19:12:39,29.1614,16.139,47.91,46,3,7.23
361,Ostrovnoy,RU,2022-01-26 19:12:39,68.0531,39.5131,9.01,90,4,15.48
362,Corowa,AU,2022-01-26 19:12:40,-36.0333,146.3833,73.29,60,100,13.78
363,Kampot,KH,2022-01-26 19:12:40,10.6167,104.1833,73.45,80,11,2.86
364,Acapulco,MX,2022-01-26 19:08:25,16.8634,-99.8901,85.82,62,0,8.05
365,Yeniseysk,RU,2022-01-26 19:08:59,58.4497,92.1703,5.56,96,99,4.7
366,Katsuura,JP,2022-01-26 19:12:41,35.1333,140.3,39.31,79,63,7.23
367,Mnogovershinnyy,RU,2022-01-26 19:13:41,53.9353,139.9242,-13.95,93,4,4.0
368,Klaksvik,FO,2022-01-26 19:13:42,62.2266,-6.589,38.32,99,100,29.95
369,Pijijiapan,MX,2022-01-26 19:13:42,15.7011,-93.23,92.97,39,5,8.37
370,Ubatuba,BR,2022-01-26 19:13:42,-23.4339,-45.0711,82.29,73,37,3.76
371,Huilong,CN,2022-01-26 19:13:43,31.8111,121.655,45.03,91,100,14.81
372,Pisco,PE,2022-01-26 19:13:43,-13.7,-76.2167,80.65,54,34,18.41
373,Port Macquarie,AU,2022-01-26 19:13:44,-31.4333,152.9167,64.89,69,86,2.06
374,Kamennogorsk,RU,2022-01-26 19:13:44,60.9545,29.1339,27.41,89,100,10.13
375,Ballina,AU,2022-01-26 19:13:44,-28.8667,153.5667,68.77,94,12,6.4
376,Bataipora,BR,2022-01-26 19:13:45,-22.2953,-53.2711,97.66,32,86,10.67
377,Sibu,MY,2022-01-26 19:13:45,2.3,111.8167,73.38,99,100,1.12
378,Boyolangu,ID,2022-01-26 19:13:46,-8.1181,111.8935,75.61,92,100,3.15
379,Neiafu,TO,2022-01-26 19:13:46,-18.65,-173.9833,82.13,74,14,9.73
380,Pangnirtung,CA,2022-01-26 19:13:47,66.1451,-65.7125,-17.45,99,100,3.04
381,Laguna,US,2022-01-26 19:13:47,38.421,-121.4238,65.01,67,0,1.99
382,Olafsvik,IS,2022-01-26 19:13:47,64.8945,-23.7142,35.44,61,100,11.68
383,Azanka,RU,2022-01-26 19:13:48,58.0401,64.7893,7.43,92,100,5.88
384,Salalah,OM,2022-01-26 19:12:23,17.0151,54.0924,71.69,60,20,3.44
385,Ulladulla,AU,2022-01-26 19:12:43,-35.35,150.4667,62.1,88,39,4.83
386,Ravar,IR,2022-01-26 19:13:48,31.2656,56.8055,50.31,35,0,2.82
387,Saint-Francois,FR,2022-01-26 19:13:49,46.4154,3.9054,27.84,93,100,3.44
388,Vostok,RU,2022-01-26 19:13:49,46.4856,135.8833,-1.43,99,100,3.4
389,Poum,NC,2022-01-26 19:13:50,-20.2333,164.0167,79.79,76,98,7.87
390,Vanavara,RU,2022-01-26 19:13:50,60.34,102.2797,-17.57,100,90,1.16
391,Mecca,SA,2022-01-26 19:13:51,21.4267,39.8261,67.46,67,58,13.6
392,Santiago De Cao,PE,2022-01-26 19:13:51,-7.9589,-79.2392,68.13,88,0,11.5
393,Port-Cartier,CA,2022-01-26 19:13:51,50.0334,-66.8654,-0.26,69,5,9.82
394,Kavaratti,IN,2022-01-26 19:13:52,10.5669,72.642,78.03,55,69,5.28
395,Mareeba,AU,2022-01-26 19:13:52,-17.0,145.4333,74.12,96,100,2.3
396,Dzilam Gonzalez,MX,2022-01-26 19:13:53,21.2833,-88.9333,80.11,67,52,9.35
397,Luderitz,NA,2022-01-26 19:13:53,-26.6481,15.1594,75.42,56,5,23.49
398,Moindou,NC,2022-01-26 19:13:54,-21.6924,165.677,69.75,77,92,4.56
399,Krasnoselkup,RU,2022-01-26 19:13:54,65.7,82.4667,-4.25,95,100,18.68
400,Da Nang,VN,2022-01-26 19:10:06,16.0678,108.2208,71.65,94,20,0.0
401,San Rafael,AR,2022-01-26 19:13:55,-34.6177,-68.3301,86.11,33,67,16.17
402,Dejen,ET,2022-01-26 19:13:55,10.1667,38.1333,60.35,21,3,4.32
403,Denpasar,ID,2022-01-26 19:13:55,-8.65,115.2167,80.26,94,75,14.97
404,Ambikapur,IN,2022-01-26 19:13:56,23.1167,83.2,47.16,61,0,4.14
405,Abadiania,BR,2022-01-26 19:12:42,-16.2042,-48.7069,75.13,72,100,4.7
406,Acarau,BR,2022-01-26 19:12:38,-2.8856,-40.12,82.78,68,100,17.9
407,Qaqortoq,GL,2022-01-26 19:13:56,60.7167,-46.0333,16.3,90,38,4.65
408,Roald,NO,2022-01-26 19:13:57,62.5833,6.1333,40.91,87,75,17.27
409,Half Moon Bay,US,2022-01-26 19:13:57,37.4636,-122.4286,62.46,80,40,1.01
410,Les Escoumins,CA,2022-01-26 19:13:58,48.1111,-69.0236,-10.1,85,33,5.55
411,Barra,BR,2022-01-26 19:13:58,-11.0894,-43.1417,84.9,52,100,5.48
412,Collie,AU,2022-01-26 19:13:58,-33.3667,116.15,54.48,96,64,6.4
413,Alugan,PH,2022-01-26 19:13:59,12.2188,125.4808,78.94,89,39,12.3
414,Xining,CN,2022-01-26 19:13:59,36.6167,101.7667,17.78,83,100,2.19
415,Caravelas,BR,2022-01-26 19:14:00,-17.7125,-39.2481,80.82,72,100,7.02
416,Alihe,CN,2022-01-26 19:15:00,50.5667,123.7167,-8.25,99,15,3.4
417,Bilibino,RU,2022-01-26 19:15:01,68.0546,166.4372,-35.48,96,26,3.8
418,Colquechaca,BO,2022-01-26 19:11:11,-18.6667,-66.0167,43.41,63,100,6.71
419,Cayenne,GF,2022-01-26 19:15:02,4.9333,-52.3333,77.04,94,75,8.05
420,Namwala,ZM,2022-01-26 19:15:02,-15.7504,26.4384,65.32,99,100,6.62
421,Olinda,BR,2022-01-26 19:15:03,-8.0089,-34.8553,83.93,70,75,10.36
422,La Cruz,MX,2022-01-26 19:15:03,23.9167,-106.9,74.19,48,1,8.16
423,Zhangye,CN,2022-01-26 19:15:04,38.9342,100.4517,17.98,47,100,0.49
424,San Carlos De Bariloche,AR,2022-01-26 19:11:28,-41.1456,-71.3082,80.35,29,40,10.36
425,Okhotsk,RU,2022-01-26 19:15:04,59.3833,143.3,-5.82,83,100,13.24
426,Osorio,BR,2022-01-26 19:15:05,-29.8867,-50.2697,86.23,58,73,7.92
427,Krasnaya Gora,RU,2022-01-26 19:15:06,52.9995,31.6023,24.71,99,99,0.87
428,Morondava,MG,2022-01-26 19:15:07,-20.2833,44.2833,81.7,73,0,8.25
429,Hambantota,LK,2022-01-26 19:15:07,6.1241,81.1185,73.44,79,33,8.3
430,Sulphur,US,2022-01-26 19:10:40,30.2366,-93.3774,57.18,37,0,10.36
431,Atherton,GB,2022-01-26 19:15:08,53.5237,-2.4935,47.71,77,100,3.0
432,Nijar,ES,2022-01-26 19:15:08,36.9665,-2.206,53.65,67,100,13.8
433,Amboasary,MG,2022-01-26 19:15:09,-25.0333,46.3833,75.04,83,0,10.4
434,Ust-Nera,RU,2022-01-26 19:15:09,64.5667,143.2,-38.45,98,70,2.06
435,Hofn,IS,2022-01-26 19:15:09,64.2539,-15.2082,30.22,69,100,3.44
436,Nangomba,TZ,2022-01-26 19:15:10,-10.9,38.5,72.73,90,100,4.99
437,Soyo,AO,2022-01-26 19:15:10,-6.1349,12.3689,79.16,80,91,7.02
438,Aketi,CD,2022-01-26 19:15:11,2.7388,23.7833,77.85,34,100,0.4
439,Arsikere,IN,2022-01-26 19:15:11,13.3139,76.2561,70.48,62,98,2.44
440,Yulara,AU,2022-01-26 19:15:12,-25.2406,130.9889,78.64,65,99,2.3
441,Manokwari,ID,2022-01-26 19:15:12,-0.8667,134.0833,78.53,78,100,1.54
442,Tatawin,TN,2022-01-26 19:15:13,32.9297,10.4518,52.68,59,15,4.23
443,Gobabis,NA,2022-01-26 19:15:13,-22.45,18.9667,76.84,40,76,4.5
444,Okha,RU,2022-01-26 19:15:14,53.5739,142.9478,-11.43,97,24,9.26
445,Atlantic City,US,2022-01-26 19:15:14,39.3643,-74.4229,31.37,36,0,12.66
446,Comodoro Rivadavia,AR,2022-01-26 19:15:14,-45.8667,-67.5,64.26,52,20,16.11
447,Kajaani,FI,2022-01-26 19:15:15,64.2273,27.7285,21.25,93,100,9.22
448,Tari,NG,2022-01-26 19:15:15,12.4086,4.4914,74.68,15,0,10.02
449,Bonthe,SL,2022-01-26 19:15:16,7.5264,-12.505,80.33,71,98,10.25
450,Channel-Port Aux Basques,CA,2022-01-26 19:15:16,47.5702,-59.1367,26.76,68,100,13.33
451,Floriano,BR,2022-01-26 19:15:16,-6.7669,-43.0225,89.8,49,100,2.44
452,Pafos,CY,2022-01-26 19:15:17,34.7667,32.4167,42.58,75,100,3.44
453,Adra,ES,2022-01-26 19:15:17,36.7496,-3.0206,57.45,70,100,10.78
454,Muros,ES,2022-01-26 19:15:18,42.7762,-9.0603,53.24,71,0,9.69
455,Bay Saint Louis,US,2022-01-26 19:15:18,30.3088,-89.33,58.06,36,0,9.22
456,Lazurne,UA,2022-01-26 19:15:19,46.084,32.5295,29.64,90,96,9.17
457,Nusaybin,TR,2022-01-26 19:15:19,37.0778,41.2178,44.49,70,99,13.87
458,Boo,SE,2022-01-26 19:16:20,59.3333,18.2833,36.99,89,0,8.05
459,Takoradi,GH,2022-01-26 19:16:20,4.8845,-1.7554,80.67,74,2,6.73
460,Saint George,US,2022-01-26 19:13:20,37.1041,-113.5841,48.67,39,0,1.99
461,Caucaia,BR,2022-01-26 19:16:21,-3.7361,-38.6531,87.08,75,40,16.11
462,Juba,SS,2022-01-26 19:14:35,4.8517,31.5825,85.39,24,29,4.45
463,Kidal,ML,2022-01-26 19:16:21,18.4411,1.4078,68.02,14,84,10.58
464,Kaka,TM,2022-01-26 19:16:22,37.3482,59.6143,42.48,41,0,5.32
465,Oksfjord,NO,2022-01-26 19:16:22,70.2396,22.3479,30.38,77,95,4.52
466,Zhanaozen,KZ,2022-01-26 19:16:23,43.3,52.8,35.78,58,100,15.52
467,Maumere,ID,2022-01-26 19:16:23,-8.6199,122.2111,79.47,86,100,12.08
468,Joniskis,LT,2022-01-26 19:16:23,56.2403,23.6153,32.92,98,100,12.62
469,Aste,IT,2022-01-26 19:16:24,45.7906,11.0961,36.79,68,0,2.59
470,Pisz,PL,2022-01-26 19:16:24,53.6274,21.8125,35.85,97,100,11.95
471,Deputatskiy,RU,2022-01-26 19:12:53,69.3,139.9,-18.11,88,100,5.17
472,Belyy Yar,RU,2022-01-26 19:16:25,53.6039,91.3903,1.29,85,100,0.0
473,Tura,IN,2022-01-26 19:16:25,25.5198,90.2201,54.41,90,58,2.8
474,Sao Filipe,CV,2022-01-26 19:16:26,14.8961,-24.4956,77.49,61,37,14.38
475,Willmar,US,2022-01-26 19:16:26,45.1219,-95.0433,24.48,79,97,9.22
476,Nanakuli,US,2022-01-26 19:16:27,21.3906,-158.1547,77.7,71,0,5.75
477,Satkhira,BD,2022-01-26 19:16:27,22.7167,89.1,66.2,75,100,6.6
478,Daru,PG,2022-01-26 19:16:27,-9.0763,143.2092,78.89,87,100,3.67
479,Sao Joao Da Barra,BR,2022-01-26 19:16:28,-21.6403,-41.0511,89.69,77,24,21.72
480,Santa Maria,BR,2022-01-26 19:16:28,-29.6842,-53.8069,83.37,72,98,7.29
481,Ondjiva,AO,2022-01-26 19:16:29,-17.0667,15.7333,79.11,40,89,2.35
482,Thayetmyo,MM,2022-01-26 19:16:29,19.3167,95.1833,65.14,75,0,4.74
483,Raahe,FI,2022-01-26 19:16:30,64.6833,24.4833,21.29,94,100,6.85
484,Kichera,RU,2022-01-26 19:16:30,55.9375,110.0997,-9.71,90,57,4.65
485,Preobrazheniye,RU,2022-01-26 19:16:31,42.9019,133.9064,16.99,65,3,8.57
486,Henties Bay,NA,2022-01-26 19:16:31,-22.116,14.2845,66.85,85,79,4.81
487,Sola,VU,2022-01-26 19:16:32,-13.8833,167.55,82.72,75,99,14.34
488,San Ramon,US,2022-01-26 19:13:12,37.7799,-121.978,58.26,78,0,1.99
489,Ossora,RU,2022-01-26 19:16:33,59.2353,163.0719,10.36,95,100,8.75
490,Wanning,CN,2022-01-26 19:16:33,18.8003,110.3967,69.6,89,46,3.4
491,Kudahuvadhoo,MV,2022-01-26 19:16:33,2.6708,72.8944,80.91,65,100,14.41
492,Fairbanks,US,2022-01-26 19:16:34,64.8378,-147.7164,-0.44,77,75,0.0
493,Lososina,RU,2022-01-26 19:16:34,48.9975,140.3106,6.53,94,99,4.09
494,San Isidro,PE,2022-01-26 19:16:35,-12.1167,-77.05,74.79,64,0,10.36
495,Orlik,RU,2022-01-26 19:16:35,52.5178,99.825,-16.87,97,100,2.68
496,Hervey Bay,AU,2022-01-26 19:16:35,-25.2986,152.8535,75.02,86,100,4.0
497,Verkhnevilyuysk,RU,2022-01-26 19:16:36,63.4453,120.3167,-4.07,97,100,5.66
498,Micheweni,TZ,2022-01-26 19:16:36,-4.9667,39.8333,79.72,74,100,15.23
499,Semey,KZ,2022-01-26 19:16:37,50.4111,80.2275,5.58,98,92,4.18
500,Tongren,CN,2022-01-26 19:16:37,27.7172,109.1853,37.06,98,100,4.56
501,Beloha,MG,2022-01-26 19:16:38,-25.1667,45.05,72.03,78,0,18.03
502,Cowra,AU,2022-01-26 19:16:38,-33.8333,148.6833,64.27,69,3,7.34
503,Havoysund,NO,2022-01-26 19:16:39,70.9963,24.6622,29.28,82,100,13.42
504,La Sarre,CA,2022-01-26 19:16:39,48.8002,-79.1996,-1.61,79,21,12.8
505,Roma,US,2022-01-26 19:17:40,43.2128,-75.4557,19.65,52,40,5.75
506,Bam,IR,2022-01-26 19:17:40,29.106,58.357,52.63,30,0,1.99
507,Tual,ID,2022-01-26 19:17:41,-5.6667,132.75,83.46,78,100,7.29
508,Siyabuswa,ZA,2022-01-26 19:17:41,-25.1132,29.0445,75.16,56,72,9.06
509,Acaponeta,MX,2022-01-26 19:17:42,22.4964,-105.3594,86.29,30,60,4.83
510,Havre-Saint-Pierre,CA,2022-01-26 19:17:42,50.2334,-63.5986,6.8,56,75,10.36
511,Beyneu,KZ,2022-01-26 19:17:43,45.3167,55.2,29.46,73,97,12.93
512,Gondanglegi,ID,2022-01-26 19:17:43,-7.7479,112.0132,74.86,95,100,0.85
513,Gboko,NG,2022-01-26 19:17:44,7.3179,8.9951,82.98,13,5,6.78
514,Vangaindrano,MG,2022-01-26 19:17:44,-23.35,47.6,73.22,80,84,4.03
515,Gagarin,RU,2022-01-26 19:17:45,55.5529,34.9954,-2.63,100,99,2.84
516,Salinopolis,BR,2022-01-26 19:17:45,-0.6136,-47.3561,81.48,78,100,8.63
517,Kindia,GN,2022-01-26 19:17:46,10.0569,-12.8658,78.6,15,99,1.59
518,Salym,RU,2022-01-26 19:17:46,60.0625,71.4789,0.77,98,96,5.01
519,Kupang,ID,2022-01-26 19:17:46,-10.1667,123.5833,79.81,85,79,15.08
520,Kokkola,FI,2022-01-26 19:17:47,63.8385,23.1307,29.03,94,100,1.01
521,Ruwi,OM,2022-01-26 19:17:47,23.5996,58.5507,67.69,56,3,5.95
522,Tazovskiy,RU,2022-01-26 19:17:48,67.4667,78.7,7.36,93,100,17.07
523,Ibadan,NG,2022-01-26 19:17:48,7.3878,3.8964,79.29,31,0,5.59
524,Buloh Kasap,MY,2022-01-26 19:17:48,2.5536,102.764,75.11,94,64,3.0
525,Faya,SA,2022-01-26 19:17:50,18.3851,42.4509,55.51,83,34,7.18
526,Machali,CL,2022-01-26 19:15:57,-34.1833,-70.6667,81.68,39,0,12.66
527,Nyimba,ZM,2022-01-26 19:17:50,-14.5566,30.8149,68.76,96,100,2.64
528,Bien Hoa,VN,2022-01-26 19:17:51,10.95,106.8167,75.18,83,100,1.92
529,Tocopilla,CL,2022-01-26 19:13:08,-22.092,-70.1979,71.35,66,28,5.99
530,Jalu,LY,2022-01-26 19:17:51,29.0331,21.5482,50.56,54,5,9.1
531,Freeport,US,2022-01-26 19:13:38,40.6576,-73.5832,30.29,35,0,13.0
532,Elban,RU,2022-01-26 19:17:52,50.1018,136.5094,-16.47,99,93,1.48
533,Mackay,AU,2022-01-26 19:15:31,-21.15,149.2,75.69,84,100,8.99
534,Moa,CU,2022-01-26 19:17:52,20.6569,-74.9403,81.99,54,0,10.22
535,Paamiut,GL,2022-01-26 19:17:53,61.994,-49.6678,17.58,78,100,14.99
536,Nhulunbuy,AU,2022-01-26 19:17:53,-12.2333,136.7667,81.21,89,100,5.75
537,Kokoda,PG,2022-01-26 19:17:54,-8.8785,147.7407,74.59,91,100,2.93
538,Kijang,KR,2022-01-26 19:17:54,35.2442,129.2139,37.13,44,100,3.62
539,Tigre,AR,2022-01-26 19:17:55,-34.426,-58.5796,79.2,82,100,12.66
540,Inhambane,MZ,2022-01-26 19:17:55,-23.865,35.3833,79.07,86,56,10.89
541,Cody,US,2022-01-26 19:17:07,44.5263,-109.0565,41.58,22,0,3.44
542,Camapua,BR,2022-01-26 19:17:56,-19.5314,-54.0439,92.37,40,87,8.77
543,Kota Kinabalu,MY,2022-01-26 19:17:56,5.9749,116.0724,75.18,94,20,3.44
544,Playa Del Carmen,MX,2022-01-26 19:13:54,20.6274,-87.0799,85.89,77,75,5.75
545,Saint-Pierre,RE,2022-01-26 19:17:56,-21.3393,55.4781,73.08,68,75,8.05
546,Broken Hill,AU,2022-01-26 19:17:57,-31.95,141.4333,82.53,49,100,12.88
547,Bontang,ID,2022-01-26 19:17:58,0.1333,117.5,77.29,88,94,1.92
548,Clevelandia,BR,2022-01-26 19:18:58,-26.3958,-52.4708,83.08,50,97,5.66
549,Rabo De Peixe,PT,2022-01-26 19:18:58,37.8,-25.5833,58.51,87,40,12.66
550,Sakaiminato,JP,2022-01-26 19:18:59,35.55,133.2333,42.78,81,75,5.75
551,Amapa,BR,2022-01-26 19:18:59,1.0,-52.0,79.02,89,100,3.31
552,Gallipoli,TR,2022-01-26 19:19:00,40.4103,26.6708,30.06,56,32,1.83
553,Lazaro Cardenas,MX,2022-01-26 19:19:00,17.9583,-102.2,84.2,51,0,8.57
554,Atasu,KZ,2022-01-26 19:19:01,48.6814,71.6433,-2.94,99,68,2.3
555,Luanda,AO,2022-01-26 19:19:01,-8.8368,13.2343,77.0,78,20,3.44
556,Altay,CN,2022-01-26 19:19:02,47.8667,88.1167,1.38,69,100,6.71
557,Matagami,CA,2022-01-26 19:19:02,49.7502,-77.6328,-5.69,54,0,14.97
558,Makokou,GA,2022-01-26 19:19:02,0.5738,12.8642,79.0,62,81,3.06
